Workbook

Sheet Hipotecarios Otorgados
A1: ID Operación | B1: Fecha Cursado | C1: Sucursal | D1: Región | E1: Ejecutivo | F1: Segmento | G1: Tipo Vivienda | H1: Monto UF | I1: Plazo (años) | J1: Tasa Anual % | K1: LTV % | L1: Pie UF | M1: Dividendo UF | N1: Renta Cliente UF | O1: DTI % | P1: Estado
A2: HIP-100001 | B2: 2025-06-17 | C2: Maipú | D2: RM | E2: A. Rojas | F2: Universitario | G2: Casa nueva | H2: 16088 | I2: 25 | J2: 5.08 | K2: 80 | L2: =H2*(1-K2/100) -> 3217.6 | M2: =PMT(J2/100/12, I2*12, -(H2*K2/100)) -> 75.840184 | N2: 186.3 | O2: =IFERROR(M2/N2*100,0) -> 40.708634 | P2: Castigado
A3: HIP-100002 | B3: 2025-01-20 | C3: Concepción | D3: Biobío | E3: E. Castro | F3: Pyme | G3: Casa nueva | H3: 6239 | I3: 15 | J3: 4.75 | K3: 90 | L3: =H3*(1-K3/100) -> 623.9 | M3: =PMT(J3/100/12, I3*12, -(H3*K3/100)) -> 43.67604 | N3: 68.8 | O3: =IFERROR(M3/N3*100,0) -> 63.482616 | P3: Pagado anticipado
A4: HIP-100003 | B4: 2025-07-09 | C4: Valparaíso | D4: Valparaíso | E4: C. Tapia | F4: Select | G4: Departamento nuevo | H4: 14785 | I4: 30 | J4: 4.88 | K4: 70 | L4: =H4*(1-K4/100) -> 4435.5 | M4: =PMT(J4/100/12, I4*12, -(H4*K4/100)) -> 54.801819 | N4: 176.2 | O4: =IFERROR(M4/N4*100,0) -> 31.102054 | P4: Vigente
A5: HIP-100004 | B5: 2025-08-05 | C5: Temuco | D5: Araucanía | E5: G. Herrera | F5: Universitario | G5: Departamento nuevo | H5: 1908 | I5: 30 | J5: 4.6 | K5: 80 | L5: =H5*(1-K5/100) -> 381.6 | M5: =PMT(J5/100/12, I5*12, -(H5*K5/100)) -> 7.8250036 | N5: 26.5 | O5: =IFERROR(M5/N5*100,0) -> 29.528316 | P5: Castigado
A6: HIP-100005 | B6: 2025-07-17 | C6: Maipú | D6: RM | E6: E. Castro | F6: Universitario | G6: Departamento usado | H6: 8069 | I6: 25 | J6: 4.39 | K6: 80 | L6: =H6*(1-K6/100) -> 1613.8 | M6: =PMT(J6/100/12, I6*12, -(H6*K6/100)) -> 35.478252 | N6: 104 | O6: =IFERROR(M6/N6*100,0) -> 34.113704 | P6: Vigente
A7: HIP-100006 | B7: 2025-04-25 | C7: Arica | D7: Arica y Parinacota | E7: T. Núñez | F7: Personas | G7: Casa nueva | H7: 17385 | I7: 25 | J7: 5.58 | K7: 70 | L7: =H7*(1-K7/100) -> 5215.5 | M7: =PMT(J7/100/12, I7*12, -(H7*K7/100)) -> 75.313896 | N7: 207.7 | O7: =IFERROR(M7/N7*100,0) -> 36.260903 | P7: Castigado
A8: HIP-100007 | B8: 2025-08-08 | C8: La Florida | D8: RM | E8: G. Herrera | F8: Pyme | G8: Departamento usado | H8: 12626 | I8: 30 | J8: 5.67 | K8: 80 | L8: =H8*(1-K8/100) -> 2525.2 | M8: =PMT(J8/100/12, I8*12, -(H8*K8/100)) -> 58.433199 | N8: 194.1 | O8: =IFERROR(M8/N8*100,0) -> 30.104688 | P8: Vigente
A9: HIP-100008 | B9: 2025-11-17 | C9: Valdivia | D9: Los Ríos | E9: B. Reyes | F9: Private Banking | G9: Departamento usado | H9: 8646 | I9: 20 | J9: 5.48 | K9: 70 | L9: =H9*(1-K9/100) -> 2593.8 | M9: =PMT(J9/100/12, I9*12, -(H9*K9/100)) -> 41.56398 | N9: 153.5 | O9: =IFERROR(M9/N9*100,0) -> 27.077511 | P9: Castigado
A10: HIP-100009 | B10: 2025-04-09 | C10: La Serena | D10: Coquimbo | E10: M. Silva | F10: Private Banking | G10: Departamento usado | H10: 9936 | I10: 30 | J10: 4.84 | K10: 80 | L10: =H10*(1-K10/100) -> 1987.2 | M10: =PMT(J10/100/12, I10*12, -(H10*K10/100)) -> 41.897001 | N10: 128.5 | O10: =IFERROR(M10/N10*100,0) -> 32.60467 | P10: Vigente
A11: HIP-100010 | B11: 2025-08-26 | C11: Antofagasta | D11: Antofagasta | E11: F. Soto | F11: Pyme | G11: Departamento usado | H11: 12874 | I11: 30 | J11: 5.73 | K11: 80 | L11: =H11*(1-K11/100) -> 2574.8 | M11: =PMT(J11/100/12, I11*12, -(H11*K11/100)) -> 59.972546 | N11: 176.1 | O11: =IFERROR(M11/N11*100,0) -> 34.05596 | P11: En mora 30-60d
A12: HIP-100011 | B12: 2025-02-21 | C12: Iquique | D12: Tarapacá | E12: A. Rojas | F12: Select | G12: Departamento usado | H12: 7607 | I12: 20 | J12: 5.32 | K12: 80 | L12: =H12*(1-K12/100) -> 1521.4 | M12: =PMT(J12/100/12, I12*12, -(H12*K12/100)) -> 41.245806 | N12: 125 | O12: =IFERROR(M12/N12*100,0) -> 32.996645 | P12: Vigente
A13: HIP-100012 | B13: 2025-08-19 | C13: Santiago Centro | D13: RM | E13: N. Fuentes | F13: Universitario | G13: Casa nueva | H13: 11567 | I13: 20 | J13: 4.37 | K13: 80 | L13: =H13*(1-K13/100) -> 2313.4 | M13: =PMT(J13/100/12, I13*12, -(H13*K13/100)) -> 57.895486 | N13: 203.7 | O13: =IFERROR(M13/N13*100,0) -> 28.421937 | P13: Pagado anticipado
... A1201: HIP-101200 | B1201: 2025-08-21 | C1201: Viña del Mar | D1201: Valparaíso | E1201: G. Herrera | F1201: Private Banking | G1201: Departamento usado | H1201: 8062 | I1201: 25 | J1201: 5.73 | K1201: 70 | L1201: =H1201*(1-K1201/100) -> 2418.6 | M1201: =PMT(J1201/100/12, I1201*12, -(H1201*K1201/100)) -> 35.434817 | N1201: 127.2 | O1201: =IFERROR(M1201/N1201*100,0) -> 27.85756 | P1201: Pagado anticipado
A1203: Datos simulados para ejercicio de clase. Montos en UF. Banco Santander Chile (ficticio).

Sheet Resumen por Región
A1: Región | B1: N° Créditos | C1: Monto Total UF | D1: Monto Promedio UF | E1: Tasa Promedio % | F1: LTV Promedio %
A2: Antofagasta | B2: =COUNTIF('Hipotecarios Otorgados'!D:D,A2) -> 69 | C2: =SUMIF('Hipotecarios Otorgados'!D:D,A2,'Hipotecarios Otorgados'!H:H) -> 600164 | D2: =IFERROR(C2/B2,0) -> 8698.029 | E2: =IFERROR(AVERAGEIF('Hipotecarios Otorgados'!D:D,A2,'Hipotecarios Otorgados'!J:J),0) -> 4.8485507 | F2: =IFERROR(AVERAGEIF('Hipotecarios Otorgados'!D:D,A2,'Hipotecarios Otorgados'!K:K),0) -> 80.869565
A3: Araucanía | B3: =COUNTIF('Hipotecarios Otorgados'!D:D,A3) -> 50 | C3: =SUMIF('Hipotecarios Otorgados'!D:D,A3,'Hipotecarios Otorgados'!H:H) -> 552528 | D3: =IFERROR(C3/B3,0) -> 11050.56 | E3: =IFERROR(AVERAGEIF('Hipotecarios Otorgados'!D:D,A3,'Hipotecarios Otorgados'!J:J),0) -> 4.6956 | F3: =IFERROR(AVERAGEIF('Hipotecarios Otorgados'!D:D,A3,'Hipotecarios Otorgados'!K:K),0) -> 79.3
A4: Arica y Parinacota | B4: =COUNTIF('Hipotecarios Otorgados'!D:D,A4) -> 53 | C4: =SUMIF('Hipotecarios Otorgados'!D:D,A4,'Hipotecarios Otorgados'!H:H) -> 538943 | D4: =IFERROR(C4/B4,0) -> 10168.736 | E4: =IFERROR(AVERAGEIF('Hipotecarios Otorgados'!D:D,A4,'Hipotecarios Otorgados'!J:J),0) -> 4.79 | F4: =IFERROR(AVERAGEIF('Hipotecarios Otorgados'!D:D,A4,'Hipotecarios Otorgados'!K:K),0) -> 80.09434
A5: Atacama | B5: =COUNTIF('Hipotecarios Otorgados'!D:D,A5) -> 50 | C5: =SUMIF('Hipotecarios Otorgados'!D:D,A5,'Hipotecarios Otorgados'!H:H) -> 487965 | D5: =IFERROR(C5/B5,0) -> 9759.3 | E5: =IFERROR(AVERAGEIF('Hipotecarios Otorgados'!D:D,A5,'Hipotecarios Otorgados'!J:J),0) -> 4.7474 | F5: =IFERROR(AVERAGEIF('Hipotecarios Otorgados'!D:D,A5,'Hipotecarios Otorgados'!K:K),0) -> 80.1
A6: Biobío | B6: =COUNTIF('Hipotecarios Otorgados'!D:D,A6) -> 111 | C6: =SUMIF('Hipotecarios Otorgados'!D:D,A6,'Hipotecarios Otorgados'!H:H) -> 1117406 | D6: =IFERROR(C6/B6,0) -> 10066.721 | E6: =IFERROR(AVERAGEIF('Hipotecarios Otorgados'!D:D,A6,'Hipotecarios Otorgados'!J:J),0) -> 4.8293694 | F6: =IFERROR(AVERAGEIF('Hipotecarios Otorgados'!D:D,A6,'Hipotecarios Otorgados'!K:K),0) -> 79.63964
A7: Coquimbo | B7: =COUNTIF('Hipotecarios Otorgados'!D:D,A7) -> 66 | C7: =SUMIF('Hipotecarios Otorgados'!D:D,A7,'Hipotecarios Otorgados'!H:H) -> 634204 | D7: =IFERROR(C7/B7,0) -> 9609.1515 | E7: =IFERROR(AVERAGEIF('Hipotecarios Otorgados'!D:D,A7,'Hipotecarios Otorgados'!J:J),0) -> 4.9136364 | F7: =IFERROR(AVERAGEIF('Hipotecarios Otorgados'!D:D,A7,'Hipotecarios Otorgados'!K:K),0) -> 78.863636
A8: Los Lagos | B8: =COUNTIF('Hipotecarios Otorgados'!D:D,A8) -> 63 | C8: =SUMIF('Hipotecarios Otorgados'!D:D,A8,'Hipotecarios Otorgados'!H:H) -> 659591 | D8: =IFERROR(C8/B8,0) -> 10469.698 | E8: =IFERROR(AVERAGEIF('Hipotecarios Otorgados'!D:D,A8,'Hipotecarios Otorgados'!J:J),0) -> 4.8444444 | F8: =IFERROR(AVERAGEIF('Hipotecarios Otorgados'!D:D,A8,'Hipotecarios Otorgados'!K:K),0) -> 78.650794
A9: Los Ríos | B9: =COUNTIF('Hipotecarios Otorgados'!D:D,A9) -> 66 | C9: =SUMIF('Hipotecarios Otorgados'!D:D,A9,'Hipotecarios Otorgados'!H:H) -> 651271 | D9: =IFERROR(C9/B9,0) -> 9867.7424 | E9: =IFERROR(AVERAGEIF('Hipotecarios Otorgados'!D:D,A9,'Hipotecarios Otorgados'!J:J),0) -> 4.8818182 | F9: =IFERROR(AVERAGEIF('Hipotecarios Otorgados'!D:D,A9,'Hipotecarios Otorgados'!K:K),0) -> 80
A10: Maule | B10: =COUNTIF('Hipotecarios Otorgados'!D:D,A10) -> 58 | C10: =SUMIF('Hipotecarios Otorgados'!D:D,A10,'Hipotecarios Otorgados'!H:H) -> 577984 | D10: =IFERROR(C10/B10,0) -> 9965.2414 | E10: =IFERROR(AVERAGEIF('Hipotecarios Otorgados'!D:D,A10,'Hipotecarios Otorgados'!J:J),0) -> 4.8218966 | F10: =IFERROR(AVERAGEIF('Hipotecarios Otorgados'!D:D,A10,'Hipotecarios Otorgados'!K:K),0) -> 81.034483
A11: O'Higgins | B11: =COUNTIF('Hipotecarios Otorgados'!D:D,A11) -> 51 | C11: =SUMIF('Hipotecarios Otorgados'!D:D,A11,'Hipotecarios Otorgados'!H:H) -> 523598 | D11: =IFERROR(C11/B11,0) -> 10266.627 | E11: =IFERROR(AVERAGEIF('Hipotecarios Otorgados'!D:D,A11,'Hipotecarios Otorgados'!J:J),0) -> 4.8515686 | F11: =IFERROR(AVERAGEIF('Hipotecarios Otorgados'!D:D,A11,'Hipotecarios Otorgados'!K:K),0) -> 79.117647
A12: RM | B12: =COUNTIF('Hipotecarios Otorgados'!D:D,A12) -> 322 | C12: =SUMIF('Hipotecarios Otorgados'!D:D,A12,'Hipotecarios Otorgados'!H:H) -> 3264653 | D12: =IFERROR(C12/B12,0) -> 10138.674 | E12: =IFERROR(AVERAGEIF('Hipotecarios Otorgados'!D:D,A12,'Hipotecarios Otorgados'!J:J),0) -> 4.8007764 | F12: =IFERROR(AVERAGEIF('Hipotecarios Otorgados'!D:D,A12,'Hipotecarios Otorgados'!K:K),0) -> 80.450311
A13: Tarapacá | B13: =COUNTIF('Hipotecarios Otorgados'!D:D,A13) -> 68 | C13: =SUMIF('Hipotecarios Otorgados'!D:D,A13,'Hipotecarios Otorgados'!H:H) -> 654066 | D13: =IFERROR(C13/B13,0) -> 9618.6176 | E13: =IFERROR(AVERAGEIF('Hipotecarios Otorgados'!D:D,A13,'Hipotecarios Otorgados'!J:J),0) -> 4.8264706 | F13: =IFERROR(AVERAGEIF('Hipotecarios Otorgados'!D:D,A13,'Hipotecarios Otorgados'!K:K),0) -> 80.808824
... A15: Ñuble | B15: =COUNTIF('Hipotecarios Otorgados'!D:D,A15) -> 45 | C15: =SUMIF('Hipotecarios Otorgados'!D:D,A15,'Hipotecarios Otorgados'!H:H) -> 402160 | D15: =IFERROR(C15/B15,0) -> 8936.8889 | E15: =IFERROR(AVERAGEIF('Hipotecarios Otorgados'!D:D,A15,'Hipotecarios Otorgados'!J:J),0) -> 4.8517778 | F15: =IFERROR(AVERAGEIF('Hipotecarios Otorgados'!D:D,A15,'Hipotecarios Otorgados'!K:K),0) -> 81.444444
A16: Total | B16: =SUM(B2:B15) -> 1200 | C16: =SUM(C2:C15) -> 11965377 | D16: =IFERROR(C16/B16,0) -> 9971.1475 | E16: =AVERAGE('Hipotecarios Otorgados'!J2:J1201) -> 4.8285083 | F16: =AVERAGE('Hipotecarios Otorgados'!K2:K1201) -> 80.0625

Sheet Dashboard Hipotecario
A1: Dashboard dinámico de créditos hipotecarios
A2: 1.200 operaciones | Vistas por segmento, región y estado
A4: Vista por segmento
A5: Segmento | B5: N° Créditos | C5: Monto Total UF | D5: Tasa Promedio %
A6: Personas | B6: 254 | C6: 2671824 | D6: 4.7931496
A7: Private Banking | B7: 245 | C7: 2334461 | D7: 4.8734694
A8: Pyme | B8: 221 | C8: 2192640 | D8: 4.8464706
A9: Select | B9: 240 | C9: 2400871 | D9: 4.8330833
A10: Universitario | B10: 240 | C10: 2365581 | D10: 4.7989167
A17: Vista por región
A18: Región | B18: Monto Total UF | C18: Tasa Promedio %
A19: Antofagasta | B19: 600164 | C19: 4.8485507
A20: Araucanía | B20: 552528 | C20: 4.6956
A21: Arica y Parinacota | B21: 538943 | C21: 4.79
A22: Atacama | B22: 487965 | C22: 4.7474
A23: Biobío | B23: 1117406 | C23: 4.8293694
A24: Coquimbo | B24: 634204 | C24: 4.9136364
A25: Los Lagos | B25: 659591 | C25: 4.8444444
A26: Los Ríos | B26: 651271 | C26: 4.8818182
A27: Maule | B27: 577984 | C27: 4.8218966
A28: Ñuble | B28: 402160 | C28: 4.8517778
A29: O'Higgins | B29: 523598 | C29: 4.8515686
A30: RM | B30: 3264653 | C30: 4.8007764
... A32: Valparaíso | B32: 1300844 | C32: 4.89375
A39: Vista por estado
A40: Estado | B40: N° Créditos | C40: Monto Total UF
A41: Castigado | B41: 127 | C41: 1310117
A42: En mora 30-60d | B42: 141 | C42: 1380982
A43: Pagado anticipado | B43: 157 | C43: 1593069
A44: Vigente | B44: 775 | C44: 7681209

Sheet Chart Data
A1: Segmento | B1: N° Créditos | D1: Segmento | E1: Tasa Promedio % | G1: Región | H1: Monto Total UF | J1: Estado | K1: N° Créditos
A2: ='Dashboard Hipotecario'!A6 -> Personas | B2: ='Dashboard Hipotecario'!B6 -> 254 | D2: ='Dashboard Hipotecario'!A6 -> Personas | E2: ='Dashboard Hipotecario'!D6 -> 4.7931496 | G2: ='Dashboard Hipotecario'!A19 -> Antofagasta | H2: ='Dashboard Hipotecario'!B19 -> 600164 | J2: ='Dashboard Hipotecario'!A41 -> Castigado | K2: ='Dashboard Hipotecario'!B41 -> 127
A3: ='Dashboard Hipotecario'!A7 -> Private Banking | B3: ='Dashboard Hipotecario'!B7 -> 245 | D3: ='Dashboard Hipotecario'!A7 -> Private Banking | E3: ='Dashboard Hipotecario'!D7 -> 4.8734694 | G3: ='Dashboard Hipotecario'!A20 -> Araucanía | H3: ='Dashboard Hipotecario'!B20 -> 552528 | J3: ='Dashboard Hipotecario'!A42 -> En mora 30-60d | K3: ='Dashboard Hipotecario'!B42 -> 141
A4: ='Dashboard Hipotecario'!A8 -> Pyme | B4: ='Dashboard Hipotecario'!B8 -> 221 | D4: ='Dashboard Hipotecario'!A8 -> Pyme | E4: ='Dashboard Hipotecario'!D8 -> 4.8464706 | G4: ='Dashboard Hipotecario'!A21 -> Arica y Parinacota | H4: ='Dashboard Hipotecario'!B21 -> 538943 | J4: ='Dashboard Hipotecario'!A43 -> Pagado anticipado | K4: ='Dashboard Hipotecario'!B43 -> 157
A5: ='Dashboard Hipotecario'!A9 -> Select | B5: ='Dashboard Hipotecario'!B9 -> 240 | D5: ='Dashboard Hipotecario'!A9 -> Select | E5: ='Dashboard Hipotecario'!D9 -> 4.8330833 | G5: ='Dashboard Hipotecario'!A22 -> Atacama | H5: ='Dashboard Hipotecario'!B22 -> 487965 | J5: ='Dashboard Hipotecario'!A44 -> Vigente | K5: ='Dashboard Hipotecario'!B44 -> 775
A6: ='Dashboard Hipotecario'!A10 -> Universitario | B6: ='Dashboard Hipotecario'!B10 -> 240 | D6: ='Dashboard Hipotecario'!A10 -> Universitario | E6: ='Dashboard Hipotecario'!D10 -> 4.7989167 | G6: ='Dashboard Hipotecario'!A23 -> Biobío | H6: ='Dashboard Hipotecario'!B23 -> 1117406
G7: ='Dashboard Hipotecario'!A24 -> Coquimbo | H7: ='Dashboard Hipotecario'!B24 -> 634204
G8: ='Dashboard Hipotecario'!A25 -> Los Lagos | H8: ='Dashboard Hipotecario'!B25 -> 659591
G9: ='Dashboard Hipotecario'!A26 -> Los Ríos | H9: ='Dashboard Hipotecario'!B26 -> 651271
G10: ='Dashboard Hipotecario'!A27 -> Maule | H10: ='Dashboard Hipotecario'!B27 -> 577984
G11: ='Dashboard Hipotecario'!A28 -> Ñuble | H11: ='Dashboard Hipotecario'!B28 -> 402160
G12: ='Dashboard Hipotecario'!A29 -> O'Higgins | H12: ='Dashboard Hipotecario'!B29 -> 523598
G13: ='Dashboard Hipotecario'!A30 -> RM | H13: ='Dashboard Hipotecario'!B30 -> 3264653
G14: ='Dashboard Hipotecario'!A31 -> Tarapacá | H14: ='Dashboard Hipotecario'!B31 -> 654066
G15: ='Dashboard Hipotecario'!A32 -> Valparaíso | H15: ='Dashboard Hipotecario'!B32 -> 1300844
G16: ='Dashboard Hipotecario'!A33 -> 0 | H16: ='Dashboard Hipotecario'!B33 -> 0
